Customer_ID,Customer_Name,Gender,Age,City,Customer_Segment,Signup_Date
CUST0001,Customer_0001,Female,29,Mumbai,Regular,2024-03-04
CUST0002,Customer_0002,Male,33,Hyderabad,Regular,2024-12-15
CUST0003,Customer_0003,Male,41,Hyderabad,Premium,2025-05-08
CUST0004,Customer_0004,Male,36,Kolkata,New,2025-06-06
CUST0005,Customer_0005,Female,25,Ahmedabad,Regular,2024-04-07
CUST0006,Customer_0006,Female,48,Mumbai,Regular,2024-03-11
CUST0007,Customer_0007,Female,38,Delhi,Regular,2024-12-29
CUST0008,Customer_0008,Male,34,Kolkata,Regular,2025-07-23
CUST0009,Customer_0009,Male,40,Hyderabad,New,2024-10-02
CUST0010,Customer_0010,Male,54,Hyderabad,New,2024-02-19
CUST0011,Customer_0011,Female,33,Hyderabad,Regular,2024-12-23
CUST0012,Customer_0012,Other,23,Chennai,Regular,2025-12-28
CUST0013,Customer_0013,Male,25,Kolkata,New,2025-07-17
CUST0014,Customer_0014,Female,42,Pune,New,2025-04-29
CUST0015,Customer_0015,Female,35,Delhi,Premium,2024-03-24
CUST0016,Customer_0016,Female,42,Hyderabad,New,2025-09-29
CUST0017,Customer_0017,Female,29,Bengaluru,Premium,2025-08-06
CUST0018,Customer_0018,Male,32,Kolkata,Regular,2024-10-22
CUST0019,Customer_0019,Female,43,Chennai,Regular,2024-08-23
CUST0020,Customer_0020,Female,58,Kolkata,New,2024-02-25
CUST0021,Customer_0021,Male,43,Delhi,New,2024-12-25
CUST0022,Customer_0022,Female,49,Chennai,Regular,2024-04-19
CUST0023,Customer_0023,Female,27,Delhi,Regular,2024-07-10
CUST0024,Customer_0024,Female,33,Kolkata,Regular,2024-04-02
CUST0025,Customer_0025,Female,24,Pune,New,2025-07-21
CUST0026,Customer_0026,Male,34,Delhi,Regular,2024-02-29
CUST0027,Customer_0027,Female,40,Chennai,Regular,2025-10-11
CUST0028,Customer_0028,Male,43,Chennai,Regular,2024-02-08
CUST0029,Customer_0029,Male,38,Delhi,Regular,2025-06-23
CUST0030,Customer_0030,Female,39,Kolhapur,Regular,2024-02-18
CUST0031,Customer_0031,Male,24,Kolkata,Regular,2025-02-23
CUST0032,Customer_0032,Female,31,Kolhapur,New,2025-09-28
CUST0033,Customer_0033,Female,32,Ahmedabad,Regular,2024-01-13
CUST0034,Customer_0034,Male,24,Kolkata,New,2024-02-05
CUST0035,Customer_0035,Other,26,Delhi,Regular,2024-04-10
CUST0036,Customer_0036,Male,25,Mumbai,Regular,2024-03-26
CUST0037,Customer_0037,Female,40,Delhi,New,2025-05-30
CUST0038,Customer_0038,Female,46,Kolhapur,Regular,2024-08-10
CUST0039,Customer_0039,Male,35,Pune,New,2024-12-03
CUST0040,Customer_0040,Female,48,Delhi,Regular,2024-06-14
CUST0041,Customer_0041,Female,47,Delhi,Premium,2025-01-17
CUST0042,Customer_0042,Male,56,Pune,New,2025-01-10
CUST0043,Customer_0043,Female,52,Delhi,Premium,2025-04-15
CUST0044,Customer_0044,Male,35,Hyderabad,Regular,2025-10-03
CUST0045,Customer_0045,Female,59,Mumbai,New,2024-01-31
CUST0046,Customer_0046,Male,56,Bengaluru,New,2025-01-09
CUST0047,Customer_0047,Female,34,Mumbai,Regular,2024-01-11
CUST0048,Customer_0048,Male,31,Delhi,Regular,2024-10-28
CUST0049,Customer_0049,Male,48,Hyderabad,Regular,2024-04-05
CUST0050,Customer_0050,Female,41,Kolkata,New,2024-07-08
CUST0051,Customer_0051,Other,52,Delhi,New,2025-03-28
CUST0052,Customer_0052,Male,51,Kolhapur,Regular,2024-07-10
CUST0053,Customer_0053,Male,20,Hyderabad,New,2025-04-30
CUST0054,Customer_0054,Male,54,Pune,New,2024-09-22
CUST0055,Customer_0055,Male,60,Hyderabad,New,2025-02-27
CUST0056,Customer_0056,Male,57,Pune,Regular,2024-05-07
CUST0057,Customer_0057,Female,43,Ahmedabad,Premium,2024-08-25
CUST0058,Customer_0058,Female,40,Bengaluru,Regular,2024-12-20
CUST0059,Customer_0059,Female,56,Nagpur,Premium,2024-04-21
CUST0060,Customer_0060,Female,32,Hyderabad,Regular,2025-03-21
CUST0061,Customer_0061,Female,21,Chennai,Regular,2024-12-08
CUST0062,Customer_0062,Female,46,Kolhapur,New,2024-05-24
CUST0063,Customer_0063,Male,39,Delhi,Regular,2024-03-05
CUST0064,Customer_0064,Female,42,Kolhapur,Premium,2024-09-03
CUST0065,Customer_0065,Female,30,Mumbai,Regular,2025-05-04
CUST0066,Customer_0066,Male,35,Nagpur,Regular,2025-03-14
CUST0067,Customer_0067,Female,50,Mumbai,Regular,2024-04-15
CUST0068,Customer_0068,Male,33,Ahmedabad,New,2024-06-29
CUST0069,Customer_0069,Female,59,Nagpur,Premium,2024-07-02
CUST0070,Customer_0070,Other,19,Nagpur,Regular,2024-08-13
CUST0071,Customer_0071,Male,52,Mumbai,Regular,2024-03-29
CUST0072,Customer_0072,Female,59,Pune,Regular,2025-11-18
CUST0073,Customer_0073,Female,51,Mumbai,Regular,2025-06-13
CUST0074,Customer_0074,Male,47,Kolhapur,New,2025-01-05
CUST0075,Customer_0075,Male,30,Pune,Regular,2025-02-02
CUST0076,Customer_0076,Male,30,Kolhapur,New,2024-04-15
CUST0077,Customer_0077,Male,35,Ahmedabad,Regular,2024-09-27
CUST0078,Customer_0078,Female,49,Delhi,Regular,2025-05-17
CUST0079,Customer_0079,Female,49,Kolkata,Regular,2025-11-09
CUST0080,Customer_0080,Female,52,Pune,Regular,2025-06-08
CUST0081,Customer_0081,Male,56,Ahmedabad,Regular,2024-02-01
CUST0082,Customer_0082,Male,46,Chennai,New,2025-01-27
CUST0083,Customer_0083,Female,46,Ahmedabad,Regular,2024-02-09
CUST0084,Customer_0084,Female,33,Mumbai,New,2025-10-21
CUST0085,Customer_0085,Female,27,Mumbai,Regular,2024-08-05
CUST0086,Customer_0086,Female,47,Kolkata,New,2024-03-22
CUST0087,Customer_0087,Male,42,Ahmedabad,New,2025-12-20
CUST0088,Customer_0088,Male,56,Bengaluru,Regular,2024-07-19
CUST0089,Customer_0089,Male,37,Delhi,New,2025-03-22
CUST0090,Customer_0090,Male,22,Mumbai,Regular,2025-03-03
CUST0091,Customer_0091,Female,18,Kolkata,Regular,2024-02-07
CUST0092,Customer_0092,Male,47,Delhi,New,2024-07-29
CUST0093,Customer_0093,Male,20,Ahmedabad,Regular,2025-03-19
CUST0094,Customer_0094,Male,31,Ahmedabad,New,2024-11-22
CUST0095,Customer_0095,Male,47,Nagpur,New,2024-08-14
CUST0096,Customer_0096,Male,21,Kolkata,Regular,2024-02-17
CUST0097,Customer_0097,Male,35,Mumbai,New,2024-01-18
CUST0098,Customer_0098,Female,54,Bengaluru,Regular,2025-03-14
CUST0099,Customer_0099,Female,42,Ahmedabad,New,2025-12-08
CUST0100,Customer_0100,Female,18,Bengaluru,New,2024-07-05
CUST0101,Customer_0101,Female,32,Ahmedabad,Regular,2024-12-10
CUST0102,Customer_0102,Male,26,Mumbai,Regular,2024-08-11
CUST0103,Customer_0103,Female,32,Delhi,New,2025-05-02
CUST0104,Customer_0104,Male,41,Hyderabad,Regular,2024-08-16
CUST0105,Customer_0105,Male,21,Delhi,New,2025-01-24
CUST0106,Customer_0106,Female,29,Ahmedabad,Regular,2025-08-11
CUST0107,Customer_0107,Female,54,Kolhapur,Regular,2024-07-06
CUST0108,Customer_0108,Male,54,Hyderabad,Regular,2024-09-26
CUST0109,Customer_0109,Female,60,Hyderabad,Premium,2025-08-29
CUST0110,Customer_0110,Female,23,Bengaluru,Regular,2024-11-05
CUST0111,Customer_0111,Female,56,Kolkata,Premium,2024-05-11
CUST0112,Customer_0112,Female,41,Bengaluru,Regular,2025-07-04
CUST0113,Customer_0113,Male,28,Bengaluru,Premium,2024-03-12
CUST0114,Customer_0114,Male,30,Kolhapur,New,2025-11-02
CUST0115,Customer_0115,Male,51,Delhi,Regular,2024-07-05
CUST0116,Customer_0116,Male,42,Delhi,Regular,2025-04-30
CUST0117,Customer_0117,Male,24,Chennai,Regular,2024-07-09
CUST0118,Customer_0118,Female,21,Ahmedabad,Regular,2025-02-25
CUST0119,Customer_0119,Male,25,Kolhapur,Regular,2024-04-29
CUST0120,Customer_0120,Male,37,Chennai,New,2024-08-07
CUST0121,Customer_0121,Male,46,Mumbai,New,2024-02-22
CUST0122,Customer_0122,Male,27,Ahmedabad,Regular,2025-03-26
CUST0123,Customer_0123,Female,60,Ahmedabad,Regular,2025-02-15
CUST0124,Customer_0124,Female,51,Nagpur,Premium,2025-10-04
CUST0125,Customer_0125,Female,43,Nagpur,Regular,2024-08-24
CUST0126,Customer_0126,Female,58,Pune,Premium,2025-12-20
CUST0127,Customer_0127,Male,20,Pune,Regular,2025-02-09
CUST0128,Customer_0128,Male,23,Bengaluru,New,2025-08-30
CUST0129,Customer_0129,Female,22,Mumbai,New,2025-02-25
CUST0130,Customer_0130,Male,22,Hyderabad,Regular,2025-12-12
CUST0131,Customer_0131,Female,40,Hyderabad,Regular,2024-09-03
CUST0132,Customer_0132,Female,26,Nagpur,New,2024-03-12
CUST0133,Customer_0133,Female,52,Nagpur,Regular,2024-07-03
CUST0134,Customer_0134,Female,37,Nagpur,Premium,2024-01-06
CUST0135,Customer_0135,Male,59,Kolhapur,Regular,2024-07-24
CUST0136,Customer_0136,Female,52,Kolkata,Regular,2025-06-27
CUST0137,Customer_0137,Male,35,Pune,Regular,2025-09-02
CUST0138,Customer_0138,Male,34,Kolhapur,New,2025-01-21
CUST0139,Customer_0139,Female,41,Delhi,Regular,2025-11-29
CUST0140,Customer_0140,Other,20,Hyderabad,Regular,2024-03-16
CUST0141,Customer_0141,Other,49,Ahmedabad,New,2024-06-25
CUST0142,Customer_0142,Female,52,Pune,Regular,2024-12-14
CUST0143,Customer_0143,Male,55,Chennai,Regular,2024-09-11
CUST0144,Customer_0144,Female,30,Delhi,Regular,2025-12-02
CUST0145,Customer_0145,Female,42,Pune,Premium,2024-11-03
CUST0146,Customer_0146,Female,26,Kolhapur,New,2024-12-10
CUST0147,Customer_0147,Male,21,Mumbai,Regular,2024-05-06
CUST0148,Customer_0148,Male,31,Ahmedabad,Regular,2024-10-13
CUST0149,Customer_0149,Female,54,Pune,Premium,2025-12-25
CUST0150,Customer_0150,Female,51,Kolkata,New,2025-08-18
CUST0151,Customer_0151,Male,28,Nagpur,Regular,2025-05-01
CUST0152,Customer_0152,Female,58,Nagpur,Regular,2025-01-17
CUST0153,Customer_0153,Female,20,Ahmedabad,New,2025-02-09
CUST0154,Customer_0154,Male,45,Kolhapur,New,2025-01-22
CUST0155,Customer_0155,Other,46,Nagpur,Regular,2025-06-08
CUST0156,Customer_0156,Female,26,Pune,Regular,2025-07-10
CUST0157,Customer_0157,Male,20,Chennai,Regular,2025-09-30
CUST0158,Customer_0158,Male,42,Hyderabad,Regular,2025-09-17
CUST0159,Customer_0159,Female,51,Hyderabad,Regular,2024-10-02
CUST0160,Customer_0160,Male,29,Delhi,Regular,2025-05-14
CUST0161,Customer_0161,Female,59,Bengaluru,New,2025-12-17
CUST0162,Customer_0162,Male,26,Mumbai,Premium,2024-12-02
CUST0163,Customer_0163,Male,32,Ahmedabad,New,2025-04-25
CUST0164,Customer_0164,Male,57,Delhi,Regular,2024-09-29
CUST0165,Customer_0165,Female,42,Bengaluru,New,2024-02-27
CUST0166,Customer_0166,Male,22,Kolhapur,New,2024-11-23
CUST0167,Customer_0167,Female,28,Kolkata,Regular,2024-04-18
CUST0168,Customer_0168,Female,51,Kolkata,New,2024-10-05
CUST0169,Customer_0169,Female,41,Mumbai,Regular,2025-11-16
CUST0170,Customer_0170,Male,32,Nagpur,New,2024-11-23
CUST0171,Customer_0171,Male,55,Pune,Regular,2024-11-10
CUST0172,Customer_0172,Female,25,Delhi,Regular,2025-04-18
CUST0173,Customer_0173,Male,22,Delhi,New,2024-04-20
CUST0174,Customer_0174,Female,43,Ahmedabad,New,2025-11-29
CUST0175,Customer_0175,Male,35,Ahmedabad,Regular,2024-08-16
CUST0176,Customer_0176,Female,23,Kolkata,Regular,2025-05-11
CUST0177,Customer_0177,Male,54,Kolkata,Regular,2024-06-04
CUST0178,Customer_0178,Female,30,Chennai,Regular,2025-04-17
CUST0179,Customer_0179,Male,45,Chennai,Regular,2025-12-01
CUST0180,Customer_0180,Female,22,Nagpur,New,2024-09-28
CUST0181,Customer_0181,Female,30,Chennai,Regular,2024-01-02
CUST0182,Customer_0182,Female,34,Pune,Premium,2025-12-22
CUST0183,Customer_0183,Male,57,Pune,Regular,2025-05-25
CUST0184,Customer_0184,Male,49,Delhi,Regular,2024-10-12
CUST0185,Customer_0185,Female,46,Hyderabad,Regular,2024-01-13
CUST0186,Customer_0186,Male,20,Pune,Regular,2025-08-30
CUST0187,Customer_0187,Male,57,Bengaluru,Regular,2025-05-12
CUST0188,Customer_0188,Male,51,Kolkata,Regular,2024-08-25
CUST0189,Customer_0189,Male,57,Ahmedabad,Premium,2024-04-03
CUST0190,Customer_0190,Female,44,Chennai,New,2024-12-03
CUST0191,Customer_0191,Female,30,Delhi,New,2024-06-19
CUST0192,Customer_0192,Male,50,Mumbai,Regular,2025-08-28
CUST0193,Customer_0193,Male,23,Ahmedabad,Regular,2025-10-22
CUST0194,Customer_0194,Male,41,Bengaluru,New,2025-09-15
CUST0195,Customer_0195,Female,36,Chennai,New,2025-07-20
CUST0196,Customer_0196,Female,33,Bengaluru,New,2025-04-11
CUST0197,Customer_0197,Male,57,Kolkata,New,2025-09-19
CUST0198,Customer_0198,Male,45,Kolkata,Regular,2024-05-22
CUST0199,Customer_0199,Male,50,Nagpur,Regular,2024-07-19
CUST0200,Customer_0200,Male,58,Delhi,Regular,2024-06-28
CUST0201,Customer_0201,Male,30,Ahmedabad,Regular,2025-12-14
CUST0202,Customer_0202,Female,60,Kolhapur,New,2024-12-29
CUST0203,Customer_0203,Female,42,Kolhapur,New,2025-04-23
CUST0204,Customer_0204,Male,59,Ahmedabad,Regular,2025-07-18
CUST0205,Customer_0205,Male,53,Mumbai,Premium,2025-04-15
CUST0206,Customer_0206,Female,44,Delhi,Regular,2025-01-18
CUST0207,Customer_0207,Female,55,Bengaluru,New,2025-11-22
CUST0208,Customer_0208,Male,24,Mumbai,Premium,2025-02-20
CUST0209,Customer_0209,Female,22,Hyderabad,Regular,2024-11-03
CUST0210,Customer_0210,Female,60,Ahmedabad,Regular,2025-10-10
CUST0211,Customer_0211,Male,48,Bengaluru,Regular,2025-11-24
CUST0212,Customer_0212,Male,40,Kolhapur,Regular,2025-01-01
CUST0213,Customer_0213,Male,59,Pune,Regular,2024-01-01
CUST0214,Customer_0214,Female,27,Nagpur,New,2024-02-13
CUST0215,Customer_0215,Male,49,Kolhapur,New,2024-04-07
CUST0216,Customer_0216,Female,60,Delhi,New,2025-12-20
CUST0217,Customer_0217,Female,47,Kolkata,Regular,2024-09-21
CUST0218,Customer_0218,Male,56,Pune,Regular,2024-05-19
CUST0219,Customer_0219,Male,48,Nagpur,Regular,2025-04-25
CUST0220,Customer_0220,Male,35,Nagpur,New,2024-08-24
CUST0221,Customer_0221,Male,53,Hyderabad,Premium,2024-03-12
CUST0222,Customer_0222,Male,19,Hyderabad,Premium,2025-10-28
CUST0223,Customer_0223,Female,31,Chennai,Regular,2024-07-08
CUST0224,Customer_0224,Female,30,Kolhapur,Premium,2024-09-24
CUST0225,Customer_0225,Female,46,Kolhapur,Regular,2024-11-16
CUST0226,Customer_0226,Female,29,Kolhapur,Premium,2024-04-16
CUST0227,Customer_0227,Other,56,Chennai,New,2024-08-19
CUST0228,Customer_0228,Female,19,Mumbai,Regular,2024-02-11
CUST0229,Customer_0229,Male,49,Nagpur,New,2025-12-02
CUST0230,Customer_0230,Male,30,Pune,New,2024-05-18
CUST0231,Customer_0231,Male,44,Delhi,New,2025-09-06
CUST0232,Customer_0232,Male,58,Nagpur,Regular,2025-11-13
CUST0233,Customer_0233,Male,34,Hyderabad,Regular,2024-09-29
CUST0234,Customer_0234,Male,57,Bengaluru,Regular,2025-04-25
CUST0235,Customer_0235,Female,48,Kolkata,New,2025-02-19
CUST0236,Customer_0236,Male,51,Chennai,Regular,2025-05-20
CUST0237,Customer_0237,Female,41,Ahmedabad,Regular,2025-12-25
CUST0238,Customer_0238,Female,52,Bengaluru,Regular,2025-02-27
CUST0239,Customer_0239,Male,23,Delhi,Regular,2025-02-10
CUST0240,Customer_0240,Female,36,Kolhapur,New,2025-07-21
CUST0241,Customer_0241,Male,47,Hyderabad,Regular,2025-01-24
CUST0242,Customer_0242,Male,24,Hyderabad,Premium,2024-12-07
CUST0243,Customer_0243,Male,27,Hyderabad,New,2025-09-05
CUST0244,Customer_0244,Female,58,Kolhapur,Regular,2025-05-07
CUST0245,Customer_0245,Female,49,Ahmedabad,Premium,2024-07-10
CUST0246,Customer_0246,Male,51,Chennai,Regular,2025-05-13
CUST0247,Customer_0247,Female,45,Bengaluru,New,2025-12-12
CUST0248,Customer_0248,Other,32,Kolhapur,New,2024-08-20
CUST0249,Customer_0249,Other,47,Delhi,New,2024-08-14
CUST0250,Customer_0250,Male,54,Chennai,Regular,2025-01-05
CUST0251,Customer_0251,Female,46,Delhi,Regular,2024-05-18
CUST0252,Customer_0252,Female,39,Chennai,New,2024-05-28
CUST0253,Customer_0253,Male,21,Ahmedabad,Premium,2024-04-24
CUST0254,Customer_0254,Female,37,Kolkata,Regular,2025-03-25
CUST0255,Customer_0255,Female,49,Delhi,New,2024-03-03
CUST0256,Customer_0256,Male,53,Kolhapur,Regular,2024-04-13
CUST0257,Customer_0257,Male,21,Chennai,Regular,2025-10-29
CUST0258,Customer_0258,Male,44,Hyderabad,New,2024-09-29
CUST0259,Customer_0259,Male,34,Nagpur,New,2024-01-06
CUST0260,Customer_0260,Female,29,Hyderabad,Regular,2024-05-26
CUST0261,Customer_0261,Male,39,Mumbai,Regular,2024-07-02
CUST0262,Customer_0262,Other,34,Kolkata,Regular,2024-01-28
CUST0263,Customer_0263,Female,27,Kolkata,Regular,2025-07-03
CUST0264,Customer_0264,Male,18,Hyderabad,New,2024-04-28
CUST0265,Customer_0265,Male,39,Bengaluru,New,2024-10-19
CUST0266,Customer_0266,Male,43,Ahmedabad,Regular,2025-01-05
CUST0267,Customer_0267,Male,35,Delhi,New,2024-08-31
CUST0268,Customer_0268,Male,31,Kolhapur,New,2025-08-02
CUST0269,Customer_0269,Female,46,Kolkata,Regular,2025-12-26
CUST0270,Customer_0270,Female,29,Hyderabad,Premium,2024-08-05
CUST0271,Customer_0271,Male,53,Hyderabad,Regular,2024-06-25
CUST0272,Customer_0272,Male,52,Ahmedabad,Premium,2024-10-25
CUST0273,Customer_0273,Male,29,Ahmedabad,New,2025-11-06
CUST0274,Customer_0274,Male,24,Pune,Premium,2024-02-27
CUST0275,Customer_0275,Male,46,Pune,New,2024-09-25
CUST0276,Customer_0276,Male,28,Bengaluru,Premium,2024-11-03
CUST0277,Customer_0277,Male,50,Bengaluru,Premium,2025-07-23
CUST0278,Customer_0278,Male,23,Mumbai,Regular,2024-10-14
CUST0279,Customer_0279,Male,32,Bengaluru,Premium,2024-04-14
CUST0280,Customer_0280,Male,49,Chennai,Regular,2024-08-15
CUST0281,Customer_0281,Male,28,Ahmedabad,New,2024-09-03
CUST0282,Customer_0282,Female,40,Kolhapur,Regular,2025-11-30
CUST0283,Customer_0283,Female,43,Chennai,Regular,2025-05-08
CUST0284,Customer_0284,Female,51,Delhi,New,2024-03-23
CUST0285,Customer_0285,Male,51,Hyderabad,Regular,2024-07-04
CUST0286,Customer_0286,Female,46,Bengaluru,Premium,2024-09-08
CUST0287,Customer_0287,Male,21,Hyderabad,New,2024-12-20
CUST0288,Customer_0288,Male,34,Kolkata,Regular,2025-11-26
CUST0289,Customer_0289,Female,52,Mumbai,Premium,2024-07-28
CUST0290,Customer_0290,Male,30,Kolkata,Premium,2025-08-31
CUST0291,Customer_0291,Female,58,Mumbai,Premium,2025-03-22
CUST0292,Customer_0292,Female,56,Pune,Regular,2025-04-04
CUST0293,Customer_0293,Male,32,Hyderabad,Premium,2025-04-16
CUST0294,Customer_0294,Female,46,Mumbai,Regular,2025-12-20
CUST0295,Customer_0295,Female,46,Nagpur,New,2025-01-04
CUST0296,Customer_0296,Male,28,Chennai,Regular,2025-05-06
CUST0297,Customer_0297,Male,49,Mumbai,Regular,2024-05-16
CUST0298,Customer_0298,Female,19,Mumbai,New,2025-01-01
CUST0299,Customer_0299,Male,31,Chennai,Regular,2024-07-02
CUST0300,Customer_0300,Female,37,Hyderabad,Regular,2025-08-10
CUST0301,Customer_0301,Female,39,Hyderabad,New,2024-10-13
CUST0302,Customer_0302,Male,28,Chennai,Regular,2025-04-16
CUST0303,Customer_0303,Male,44,Kolkata,Regular,2025-01-09
CUST0304,Customer_0304,Male,20,Nagpur,Regular,2025-10-15
CUST0305,Customer_0305,Male,34,Kolhapur,New,2025-06-20
CUST0306,Customer_0306,Other,45,Delhi,New,2025-05-25
CUST0307,Customer_0307,Male,46,Nagpur,Regular,2025-08-01
CUST0308,Customer_0308,Female,38,Hyderabad,Premium,2024-09-06
CUST0309,Customer_0309,Male,33,Kolhapur,New,2025-05-24
CUST0310,Customer_0310,Female,54,Pune,Regular,2025-09-21
CUST0311,Customer_0311,Female,37,Bengaluru,New,2024-03-13
CUST0312,Customer_0312,Female,23,Mumbai,Regular,2024-10-08
CUST0313,Customer_0313,Female,36,Chennai,Regular,2024-12-25
CUST0314,Customer_0314,Other,22,Chennai,Regular,2024-01-10
CUST0315,Customer_0315,Male,20,Mumbai,New,2024-07-29
CUST0316,Customer_0316,Male,18,Bengaluru,Regular,2024-05-31
CUST0317,Customer_0317,Female,55,Delhi,New,2024-01-05
CUST0318,Customer_0318,Female,32,Bengaluru,Regular,2024-07-13
CUST0319,Customer_0319,Female,51,Kolhapur,Regular,2024-10-09
CUST0320,Customer_0320,Female,52,Bengaluru,New,2025-04-08
CUST0321,Customer_0321,Male,42,Kolhapur,New,2024-04-22
CUST0322,Customer_0322,Male,41,Bengaluru,Regular,2024-09-27
CUST0323,Customer_0323,Male,29,Delhi,Premium,2024-06-11
CUST0324,Customer_0324,Female,35,Delhi,Premium,2025-04-04
CUST0325,Customer_0325,Male,32,Hyderabad,New,2024-04-14
CUST0326,Customer_0326,Male,33,Mumbai,Regular,2025-11-23
CUST0327,Customer_0327,Male,44,Delhi,Regular,2025-07-09
CUST0328,Customer_0328,Male,25,Kolhapur,Regular,2024-10-08
CUST0329,Customer_0329,Female,42,Delhi,Regular,2025-11-17
CUST0330,Customer_0330,Female,34,Hyderabad,Premium,2024-06-10
CUST0331,Customer_0331,Female,46,Chennai,Premium,2024-12-16
CUST0332,Customer_0332,Male,25,Kolhapur,Regular,2025-03-09
CUST0333,Customer_0333,Female,32,Hyderabad,Regular,2024-05-19
CUST0334,Customer_0334,Female,44,Kolkata,Regular,2025-04-15
CUST0335,Customer_0335,Female,24,Kolkata,New,2024-05-11
CUST0336,Customer_0336,Female,20,Pune,Regular,2024-03-27
CUST0337,Customer_0337,Male,46,Bengaluru,Regular,2025-11-18
CUST0338,Customer_0338,Male,41,Mumbai,Regular,2024-07-01
CUST0339,Customer_0339,Male,20,Ahmedabad,New,2025-01-02
CUST0340,Customer_0340,Female,37,Nagpur,New,2024-05-08
CUST0341,Customer_0341,Male,32,Hyderabad,Premium,2024-09-02
CUST0342,Customer_0342,Male,42,Chennai,New,2025-08-23
CUST0343,Customer_0343,Female,47,Nagpur,Regular,2025-07-31
CUST0344,Customer_0344,Female,31,Chennai,New,2025-10-31
CUST0345,Customer_0345,Female,24,Nagpur,New,2025-01-12
CUST0346,Customer_0346,Male,34,Hyderabad,New,2024-05-28
CUST0347,Customer_0347,Male,37,Ahmedabad,New,2025-03-08
CUST0348,Customer_0348,Female,53,Nagpur,Premium,2025-09-19
CUST0349,Customer_0349,Female,26,Hyderabad,New,2025-12-26
CUST0350,Customer_0350,Male,55,Delhi,Premium,2025-04-13
CUST0351,Customer_0351,Male,39,Ahmedabad,Regular,2025-03-21
CUST0352,Customer_0352,Male,19,Kolhapur,Regular,2025-04-25
CUST0353,Customer_0353,Male,41,Chennai,Regular,2024-10-20
CUST0354,Customer_0354,Female,25,Kolkata,Regular,2024-05-22
CUST0355,Customer_0355,Female,28,Bengaluru,Regular,2024-09-06
CUST0356,Customer_0356,Male,30,Kolkata,New,2024-10-28
CUST0357,Customer_0357,Female,34,Ahmedabad,Regular,2024-01-25
CUST0358,Customer_0358,Male,25,Kolhapur,Premium,2024-03-10
CUST0359,Customer_0359,Male,38,Chennai,Premium,2025-09-16
CUST0360,Customer_0360,Male,35,Kolhapur,Premium,2024-04-21
CUST0361,Customer_0361,Female,47,Nagpur,Regular,2024-12-29
CUST0362,Customer_0362,Male,35,Chennai,Regular,2024-10-29
CUST0363,Customer_0363,Female,48,Nagpur,Regular,2025-04-15
CUST0364,Customer_0364,Male,55,Hyderabad,Regular,2024-03-31
CUST0365,Customer_0365,Male,49,Ahmedabad,New,2025-06-13
CUST0366,Customer_0366,Female,28,Hyderabad,Regular,2025-10-22
CUST0367,Customer_0367,Other,42,Pune,New,2025-12-26
CUST0368,Customer_0368,Male,50,Kolhapur,Regular,2025-10-24
CUST0369,Customer_0369,Female,55,Nagpur,Premium,2024-07-10
CUST0370,Customer_0370,Female,58,Delhi,New,2025-07-05
CUST0371,Customer_0371,Female,25,Hyderabad,New,2024-08-29
CUST0372,Customer_0372,Female,28,Pune,New,2024-05-17
CUST0373,Customer_0373,Female,39,Mumbai,Premium,2024-12-10
CUST0374,Customer_0374,Male,41,Kolkata,Regular,2024-06-28
CUST0375,Customer_0375,Female,58,Chennai,Regular,2025-12-12
CUST0376,Customer_0376,Female,34,Pune,Regular,2025-05-17
CUST0377,Customer_0377,Male,29,Ahmedabad,Regular,2024-07-21
CUST0378,Customer_0378,Female,49,Hyderabad,Regular,2025-07-26
CUST0379,Customer_0379,Male,32,Ahmedabad,Regular,2024-07-10
CUST0380,Customer_0380,Female,33,Kolkata,Regular,2024-01-05
CUST0381,Customer_0381,Female,39,Delhi,Regular,2024-08-24
CUST0382,Customer_0382,Male,45,Kolhapur,New,2025-11-23
CUST0383,Customer_0383,Male,37,Kolhapur,Premium,2024-11-06
CUST0384,Customer_0384,Male,50,Ahmedabad,Regular,2025-07-02
CUST0385,Customer_0385,Male,27,Nagpur,New,2024-02-25
CUST0386,Customer_0386,Male,57,Delhi,Regular,2025-03-18
CUST0387,Customer_0387,Female,49,Kolhapur,New,2024-08-24
CUST0388,Customer_0388,Female,50,Delhi,New,2024-07-15
CUST0389,Customer_0389,Male,19,Pune,Regular,2025-08-07
CUST0390,Customer_0390,Male,50,Delhi,New,2025-07-24
CUST0391,Customer_0391,Other,50,Bengaluru,Regular,2025-05-28
CUST0392,Customer_0392,Female,58,Kolkata,Regular,2025-03-24
CUST0393,Customer_0393,Female,30,Kolhapur,New,2024-12-25
CUST0394,Customer_0394,Male,47,Delhi,Premium,2025-11-30
CUST0395,Customer_0395,Female,50,Ahmedabad,New,2024-01-30
CUST0396,Customer_0396,Male,30,Mumbai,Regular,2024-04-17
CUST0397,Customer_0397,Male,43,Bengaluru,Regular,2025-08-24
CUST0398,Customer_0398,Female,39,Bengaluru,New,2025-12-17
CUST0399,Customer_0399,Male,56,Nagpur,New,2025-03-20
CUST0400,Customer_0400,Male,19,Delhi,Regular,2025-03-13
CUST0401,Customer_0401,Female,55,Nagpur,Premium,2025-08-28
CUST0402,Customer_0402,Male,56,Nagpur,New,2025-04-01
CUST0403,Customer_0403,Male,43,Mumbai,Regular,2025-09-06
CUST0404,Customer_0404,Male,32,Pune,Regular,2025-11-28
CUST0405,Customer_0405,Female,51,Delhi,Regular,2025-11-26
CUST0406,Customer_0406,Male,59,Hyderabad,Regular,2025-05-09
CUST0407,Customer_0407,Female,57,Kolhapur,Regular,2025-11-04
CUST0408,Customer_0408,Female,28,Nagpur,Regular,2024-09-03
CUST0409,Customer_0409,Male,20,Kolkata,Regular,2025-06-26
CUST0410,Customer_0410,Female,23,Chennai,Regular,2025-07-17
CUST0411,Customer_0411,Female,26,Kolkata,New,2025-08-10
CUST0412,Customer_0412,Male,23,Mumbai,Regular,2025-03-14
CUST0413,Customer_0413,Male,26,Mumbai,Premium,2024-10-04
CUST0414,Customer_0414,Male,56,Ahmedabad,Regular,2025-07-05
CUST0415,Customer_0415,Male,48,Pune,Premium,2025-09-04
CUST0416,Customer_0416,Female,49,Kolhapur,Regular,2024-04-20
CUST0417,Customer_0417,Female,58,Nagpur,Regular,2025-01-19
CUST0418,Customer_0418,Female,29,Kolkata,Regular,2024-07-09
CUST0419,Customer_0419,Male,25,Chennai,Regular,2025-05-04
CUST0420,Customer_0420,Male,25,Mumbai,New,2025-11-24
CUST0421,Customer_0421,Male,45,Mumbai,Regular,2025-03-01
CUST0422,Customer_0422,Male,37,Pune,Regular,2025-02-08
CUST0423,Customer_0423,Female,24,Chennai,New,2024-11-30
CUST0424,Customer_0424,Male,28,Chennai,Regular,2024-07-27
CUST0425,Customer_0425,Female,37,Pune,Regular,2024-01-22
CUST0426,Customer_0426,Male,33,Mumbai,Premium,2025-11-08
CUST0427,Customer_0427,Female,21,Kolhapur,New,2025-09-02
CUST0428,Customer_0428,Male,23,Delhi,New,2024-07-26
CUST0429,Customer_0429,Female,39,Delhi,Regular,2024-01-08
CUST0430,Customer_0430,Female,43,Pune,New,2025-12-02
CUST0431,Customer_0431,Female,20,Chennai,Regular,2025-11-17
CUST0432,Customer_0432,Male,58,Nagpur,Regular,2025-06-12
CUST0433,Customer_0433,Male,59,Pune,New,2025-08-24
CUST0434,Customer_0434,Female,31,Kolhapur,Regular,2025-10-14
CUST0435,Customer_0435,Female,28,Pune,Regular,2025-10-18
CUST0436,Customer_0436,Male,35,Bengaluru,Regular,2024-06-14
CUST0437,Customer_0437,Female,29,Kolkata,Premium,2025-05-10
CUST0438,Customer_0438,Male,40,Chennai,Regular,2025-08-12
CUST0439,Customer_0439,Male,29,Ahmedabad,Regular,2025-03-04
CUST0440,Customer_0440,Female,30,Ahmedabad,Regular,2024-06-11
CUST0441,Customer_0441,Female,42,Chennai,Regular,2024-12-31
CUST0442,Customer_0442,Other,36,Kolhapur,Premium,2025-06-09
CUST0443,Customer_0443,Female,53,Bengaluru,Regular,2024-08-26
CUST0444,Customer_0444,Female,25,Bengaluru,Regular,2024-03-12
CUST0445,Customer_0445,Male,46,Mumbai,Premium,2025-03-20
CUST0446,Customer_0446,Male,49,Kolkata,New,2025-10-16
CUST0447,Customer_0447,Other,35,Delhi,Regular,2025-05-23
CUST0448,Customer_0448,Male,23,Hyderabad,New,2024-09-25
CUST0449,Customer_0449,Female,35,Kolhapur,Regular,2025-02-18
CUST0450,Customer_0450,Female,36,Hyderabad,Regular,2024-09-01
CUST0451,Customer_0451,Male,39,Hyderabad,Premium,2025-11-05
CUST0452,Customer_0452,Male,54,Chennai,Premium,2024-02-29
CUST0453,Customer_0453,Female,49,Ahmedabad,Regular,2024-01-06
CUST0454,Customer_0454,Male,58,Ahmedabad,Regular,2025-12-09
CUST0455,Customer_0455,Female,20,Delhi,Regular,2025-07-23
CUST0456,Customer_0456,Male,45,Chennai,Premium,2025-02-10
CUST0457,Customer_0457,Female,27,Hyderabad,Regular,2024-08-04
CUST0458,Customer_0458,Male,52,Nagpur,Regular,2024-01-26
CUST0459,Customer_0459,Female,46,Ahmedabad,New,2024-01-05
CUST0460,Customer_0460,Female,32,Kolhapur,Regular,2025-06-15
CUST0461,Customer_0461,Female,50,Kolhapur,Regular,2025-01-24
CUST0462,Customer_0462,Male,24,Mumbai,Regular,2025-12-10
CUST0463,Customer_0463,Male,29,Pune,New,2025-07-24
CUST0464,Customer_0464,Male,47,Nagpur,Regular,2025-03-23
CUST0465,Customer_0465,Other,38,Ahmedabad,New,2024-05-25
CUST0466,Customer_0466,Female,48,Bengaluru,Regular,2025-01-22
CUST0467,Customer_0467,Female,41,Ahmedabad,Premium,2024-09-05
CUST0468,Customer_0468,Male,37,Mumbai,Regular,2025-06-09
CUST0469,Customer_0469,Female,54,Kolhapur,New,2025-04-06
CUST0470,Customer_0470,Other,21,Hyderabad,Regular,2024-01-13
CUST0471,Customer_0471,Female,45,Bengaluru,Regular,2025-01-18
CUST0472,Customer_0472,Other,37,Chennai,Regular,2025-07-09
CUST0473,Customer_0473,Female,41,Kolkata,Premium,2025-02-02
CUST0474,Customer_0474,Male,49,Hyderabad,New,2024-01-19
CUST0475,Customer_0475,Male,58,Kolkata,Regular,2025-07-28
CUST0476,Customer_0476,Other,53,Nagpur,Regular,2025-05-05
CUST0477,Customer_0477,Female,51,Pune,Premium,2025-02-22
CUST0478,Customer_0478,Male,53,Bengaluru,New,2024-12-02
CUST0479,Customer_0479,Other,19,Delhi,Regular,2025-02-22
CUST0480,Customer_0480,Male,32,Bengaluru,Regular,2025-09-03
CUST0481,Customer_0481,Male,51,Ahmedabad,Regular,2025-11-05
CUST0482,Customer_0482,Male,53,Kolhapur,New,2024-05-01
CUST0483,Customer_0483,Female,23,Ahmedabad,Premium,2025-03-07
CUST0484,Customer_0484,Male,56,Ahmedabad,New,2024-02-13
CUST0485,Customer_0485,Male,59,Nagpur,Regular,2024-11-12
CUST0486,Customer_0486,Male,29,Hyderabad,New,2025-01-15
CUST0487,Customer_0487,Female,20,Delhi,Premium,2024-05-24
CUST0488,Customer_0488,Female,35,Delhi,Regular,2024-11-22
CUST0489,Customer_0489,Male,57,Ahmedabad,Regular,2024-12-28
CUST0490,Customer_0490,Male,38,Kolkata,New,2024-02-19
CUST0491,Customer_0491,Female,32,Nagpur,Regular,2024-03-05
CUST0492,Customer_0492,Male,50,Ahmedabad,Regular,2024-12-20
CUST0493,Customer_0493,Female,52,Pune,Regular,2024-06-12
CUST0494,Customer_0494,Female,43,Kolhapur,Premium,2024-05-20
CUST0495,Customer_0495,Male,25,Hyderabad,New,2024-05-07
CUST0496,Customer_0496,Female,53,Chennai,Regular,2025-02-01
CUST0497,Customer_0497,Male,47,Pune,New,2025-04-07
CUST0498,Customer_0498,Female,40,Kolkata,Regular,2024-07-05
CUST0499,Customer_0499,Other,59,Bengaluru,New,2025-12-20
CUST0500,Customer_0500,Other,31,Bengaluru,Regular,2024-07-08
CUST0501,Customer_0501,Male,31,Pune,Regular,2025-01-22
CUST0502,Customer_0502,Male,19,Ahmedabad,Regular,2025-03-04
CUST0503,Customer_0503,Female,54,Chennai,Regular,2024-10-10
CUST0504,Customer_0504,Male,22,Mumbai,Regular,2024-08-24
CUST0505,Customer_0505,Male,55,Mumbai,Regular,2024-07-12
CUST0506,Customer_0506,Female,58,Kolkata,New,2024-10-13
CUST0507,Customer_0507,Male,31,Ahmedabad,Regular,2024-05-15
CUST0508,Customer_0508,Male,56,Delhi,New,2024-06-19
CUST0509,Customer_0509,Male,42,Delhi,Regular,2024-06-07
CUST0510,Customer_0510,Male,37,Hyderabad,Regular,2024-07-19
CUST0511,Customer_0511,Male,19,Chennai,Regular,2025-05-01
CUST0512,Customer_0512,Female,56,Chennai,New,2025-07-10
CUST0513,Customer_0513,Male,23,Bengaluru,Regular,2025-08-05
CUST0514,Customer_0514,Male,34,Nagpur,Premium,2025-05-18
CUST0515,Customer_0515,Female,42,Kolkata,Regular,2025-01-05
CUST0516,Customer_0516,Female,45,Mumbai,Regular,2024-04-12
CUST0517,Customer_0517,Female,19,Kolkata,Regular,2024-05-04
CUST0518,Customer_0518,Male,52,Delhi,New,2024-11-08
CUST0519,Customer_0519,Other,54,Delhi,Regular,2025-04-02
CUST0520,Customer_0520,Female,22,Pune,Regular,2024-08-17
CUST0521,Customer_0521,Male,18,Hyderabad,New,2025-10-19
CUST0522,Customer_0522,Female,57,Chennai,New,2024-07-15
CUST0523,Customer_0523,Other,29,Kolhapur,New,2025-02-26
CUST0524,Customer_0524,Male,53,Kolkata,Regular,2025-07-25
CUST0525,Customer_0525,Male,40,Delhi,Premium,2025-09-01
CUST0526,Customer_0526,Male,48,Nagpur,New,2024-06-19
CUST0527,Customer_0527,Female,28,Bengaluru,Regular,2025-01-16
CUST0528,Customer_0528,Female,27,Mumbai,New,2024-06-21
CUST0529,Customer_0529,Female,20,Hyderabad,Premium,2025-10-24
CUST0530,Customer_0530,Male,31,Nagpur,New,2025-03-28
CUST0531,Customer_0531,Male,33,Hyderabad,Regular,2024-12-15
CUST0532,Customer_0532,Other,27,Pune,Regular,2025-09-25
CUST0533,Customer_0533,Other,46,Kolhapur,Regular,2025-05-08
CUST0534,Customer_0534,Male,27,Delhi,Regular,2025-09-11
CUST0535,Customer_0535,Male,29,Bengaluru,Regular,2024-01-04
CUST0536,Customer_0536,Male,47,Nagpur,Regular,2024-04-02
CUST0537,Customer_0537,Male,58,Hyderabad,New,2024-01-06
CUST0538,Customer_0538,Female,18,Chennai,New,2024-10-14
CUST0539,Customer_0539,Female,22,Pune,Regular,2025-09-09
CUST0540,Customer_0540,Female,37,Chennai,New,2024-05-25
CUST0541,Customer_0541,Male,25,Bengaluru,New,2025-02-27
CUST0542,Customer_0542,Male,60,Nagpur,Regular,2025-08-30
CUST0543,Customer_0543,Female,29,Pune,Premium,2025-04-01
CUST0544,Customer_0544,Male,18,Nagpur,Regular,2024-07-20
CUST0545,Customer_0545,Male,37,Delhi,New,2024-07-30
CUST0546,Customer_0546,Female,45,Ahmedabad,New,2024-01-06
CUST0547,Customer_0547,Female,60,Pune,Premium,2025-09-15
CUST0548,Customer_0548,Male,54,Chennai,New,2025-01-10
CUST0549,Customer_0549,Male,54,Bengaluru,New,2025-03-22
CUST0550,Customer_0550,Male,29,Kolhapur,Regular,2024-04-15
CUST0551,Customer_0551,Male,54,Delhi,Regular,2025-10-12
CUST0552,Customer_0552,Male,45,Ahmedabad,Regular,2025-02-04
CUST0553,Customer_0553,Male,32,Kolhapur,New,2024-04-05
CUST0554,Customer_0554,Male,23,Mumbai,New,2025-01-22
CUST0555,Customer_0555,Male,37,Delhi,Premium,2025-03-27
CUST0556,Customer_0556,Female,31,Bengaluru,New,2025-02-19
CUST0557,Customer_0557,Female,19,Hyderabad,Regular,2025-12-26
CUST0558,Customer_0558,Female,26,Pune,Regular,2025-05-18
CUST0559,Customer_0559,Male,54,Nagpur,Regular,2025-03-29
CUST0560,Customer_0560,Male,37,Bengaluru,Regular,2024-10-17
CUST0561,Customer_0561,Male,43,Pune,New,2025-06-17
CUST0562,Customer_0562,Female,46,Kolhapur,Regular,2024-07-11
CUST0563,Customer_0563,Female,18,Nagpur,Premium,2024-05-29
CUST0564,Customer_0564,Female,52,Kolkata,Premium,2025-05-29
CUST0565,Customer_0565,Female,23,Chennai,New,2025-01-27
CUST0566,Customer_0566,Male,54,Mumbai,New,2024-11-11
CUST0567,Customer_0567,Female,22,Delhi,Premium,2024-03-16
CUST0568,Customer_0568,Female,50,Bengaluru,Regular,2025-08-21
CUST0569,Customer_0569,Male,31,Mumbai,Premium,2024-09-26
CUST0570,Customer_0570,Female,29,Hyderabad,New,2024-08-12
CUST0571,Customer_0571,Male,59,Pune,Regular,2025-06-13
CUST0572,Customer_0572,Male,37,Pune,Regular,2024-04-22
CUST0573,Customer_0573,Female,41,Bengaluru,Regular,2024-09-07
CUST0574,Customer_0574,Male,60,Ahmedabad,Regular,2024-08-20
CUST0575,Customer_0575,Male,51,Ahmedabad,New,2025-12-14
CUST0576,Customer_0576,Male,42,Kolkata,Regular,2024-03-23
CUST0577,Customer_0577,Female,46,Chennai,New,2024-05-04
CUST0578,Customer_0578,Male,56,Nagpur,Regular,2024-06-23
CUST0579,Customer_0579,Male,48,Hyderabad,Premium,2024-03-09
CUST0580,Customer_0580,Female,60,Mumbai,Regular,2024-02-16
CUST0581,Customer_0581,Female,40,Ahmedabad,Regular,2024-09-12
CUST0582,Customer_0582,Other,55,Kolkata,New,2025-12-27
CUST0583,Customer_0583,Male,37,Kolkata,Regular,2024-01-30
CUST0584,Customer_0584,Female,40,Bengaluru,Premium,2024-10-07
CUST0585,Customer_0585,Male,33,Hyderabad,New,2024-08-24
CUST0586,Customer_0586,Female,59,Kolhapur,New,2024-09-04
CUST0587,Customer_0587,Female,25,Nagpur,Regular,2025-01-02
CUST0588,Customer_0588,Female,38,Chennai,New,2025-05-09
CUST0589,Customer_0589,Female,18,Delhi,Regular,2024-01-25
CUST0590,Customer_0590,Female,25,Bengaluru,Premium,2025-08-08
CUST0591,Customer_0591,Female,46,Nagpur,Regular,2025-12-18
CUST0592,Customer_0592,Male,49,Delhi,New,2025-05-04
CUST0593,Customer_0593,Female,55,Delhi,Regular,2025-05-08
CUST0594,Customer_0594,Female,22,Hyderabad,Regular,2024-11-09
CUST0595,Customer_0595,Male,39,Hyderabad,New,2025-08-28
CUST0596,Customer_0596,Male,51,Mumbai,Regular,2025-01-09
CUST0597,Customer_0597,Male,18,Kolkata,Regular,2025-09-30
CUST0598,Customer_0598,Female,43,Nagpur,Regular,2024-01-25
CUST0599,Customer_0599,Female,60,Bengaluru,New,2024-11-29
CUST0600,Customer_0600,Female,27,Pune,Regular,2024-12-20
CUST0601,Customer_0601,Female,47,Bengaluru,New,2024-04-25
CUST0602,Customer_0602,Female,35,Mumbai,New,2024-02-17
CUST0603,Customer_0603,Female,34,Chennai,Premium,2024-04-08
CUST0604,Customer_0604,Female,43,Kolkata,Regular,2025-04-03
CUST0605,Customer_0605,Female,25,Pune,New,2025-06-06
CUST0606,Customer_0606,Male,57,Ahmedabad,New,2025-08-19
CUST0607,Customer_0607,Female,29,Chennai,New,2025-02-08
CUST0608,Customer_0608,Female,44,Hyderabad,New,2024-08-01
CUST0609,Customer_0609,Male,25,Delhi,New,2025-11-15
CUST0610,Customer_0610,Male,42,Ahmedabad,New,2025-05-17
CUST0611,Customer_0611,Female,21,Bengaluru,Regular,2025-12-21
CUST0612,Customer_0612,Male,50,Bengaluru,Regular,2025-03-23
CUST0613,Customer_0613,Male,18,Hyderabad,Regular,2025-07-29
CUST0614,Customer_0614,Female,36,Mumbai,Regular,2024-09-14
CUST0615,Customer_0615,Male,48,Nagpur,New,2024-04-30
CUST0616,Customer_0616,Male,33,Ahmedabad,Premium,2024-02-23
CUST0617,Customer_0617,Female,31,Ahmedabad,Regular,2024-11-26
CUST0618,Customer_0618,Female,22,Kolhapur,Regular,2024-08-28
CUST0619,Customer_0619,Male,58,Chennai,Regular,2025-06-13
CUST0620,Customer_0620,Male,43,Kolkata,Premium,2025-04-27
CUST0621,Customer_0621,Female,45,Chennai,Regular,2024-07-05
CUST0622,Customer_0622,Female,19,Nagpur,New,2025-10-17
CUST0623,Customer_0623,Female,23,Bengaluru,Regular,2024-09-18
CUST0624,Customer_0624,Male,26,Bengaluru,Regular,2024-12-29
CUST0625,Customer_0625,Male,50,Bengaluru,Regular,2025-05-05
CUST0626,Customer_0626,Female,58,Kolhapur,Regular,2025-03-06
CUST0627,Customer_0627,Male,42,Bengaluru,New,2024-08-26
CUST0628,Customer_0628,Male,30,Nagpur,Regular,2024-10-30
CUST0629,Customer_0629,Female,26,Hyderabad,Premium,2024-10-24
CUST0630,Customer_0630,Female,30,Kolkata,Regular,2024-03-16
CUST0631,Customer_0631,Male,48,Nagpur,Regular,2025-11-30
CUST0632,Customer_0632,Male,58,Kolkata,New,2024-11-28
CUST0633,Customer_0633,Male,28,Nagpur,Regular,2025-10-03
CUST0634,Customer_0634,Male,21,Bengaluru,Premium,2025-04-18
CUST0635,Customer_0635,Female,51,Hyderabad,Regular,2024-10-09
CUST0636,Customer_0636,Female,55,Ahmedabad,Regular,2025-08-13
CUST0637,Customer_0637,Male,21,Chennai,Regular,2024-03-12
CUST0638,Customer_0638,Female,55,Delhi,Regular,2024-09-19
CUST0639,Customer_0639,Female,36,Hyderabad,New,2025-12-03
CUST0640,Customer_0640,Female,23,Ahmedabad,Regular,2025-07-28
CUST0641,Customer_0641,Female,51,Mumbai,Regular,2024-01-12
CUST0642,Customer_0642,Female,35,Nagpur,Regular,2024-05-20
CUST0643,Customer_0643,Female,30,Mumbai,Regular,2025-07-08
CUST0644,Customer_0644,Female,58,Ahmedabad,Premium,2024-01-17
CUST0645,Customer_0645,Female,40,Hyderabad,New,2024-03-03
CUST0646,Customer_0646,Male,36,Nagpur,Regular,2024-09-09
CUST0647,Customer_0647,Male,28,Delhi,New,2025-04-09
CUST0648,Customer_0648,Male,18,Bengaluru,Regular,2025-01-10
CUST0649,Customer_0649,Male,41,Nagpur,New,2025-06-03
CUST0650,Customer_0650,Male,24,Nagpur,Regular,2024-03-30
CUST0651,Customer_0651,Female,42,Hyderabad,Regular,2025-12-20
CUST0652,Customer_0652,Male,38,Hyderabad,New,2025-09-21
CUST0653,Customer_0653,Male,32,Ahmedabad,Regular,2024-06-23
CUST0654,Customer_0654,Male,18,Pune,Premium,2024-03-16
CUST0655,Customer_0655,Female,29,Nagpur,New,2025-09-04
CUST0656,Customer_0656,Female,24,Chennai,Regular,2025-10-24
CUST0657,Customer_0657,Female,32,Nagpur,Regular,2025-02-03
CUST0658,Customer_0658,Female,38,Ahmedabad,Regular,2024-03-11
CUST0659,Customer_0659,Male,36,Kolkata,New,2024-06-28
CUST0660,Customer_0660,Male,46,Mumbai,New,2024-05-03
CUST0661,Customer_0661,Female,42,Bengaluru,New,2025-01-15
CUST0662,Customer_0662,Other,50,Pune,New,2024-10-19
CUST0663,Customer_0663,Male,49,Delhi,New,2024-07-13
CUST0664,Customer_0664,Female,52,Delhi,Regular,2024-08-15
CUST0665,Customer_0665,Female,55,Delhi,Premium,2025-03-06
CUST0666,Customer_0666,Female,43,Hyderabad,Regular,2025-03-11
CUST0667,Customer_0667,Female,28,Delhi,Regular,2025-04-05
CUST0668,Customer_0668,Female,52,Bengaluru,New,2025-09-09
CUST0669,Customer_0669,Female,25,Mumbai,New,2024-01-21
CUST0670,Customer_0670,Female,31,Delhi,Regular,2024-03-04
CUST0671,Customer_0671,Female,27,Nagpur,New,2024-06-13
CUST0672,Customer_0672,Male,19,Nagpur,Regular,2024-01-27
CUST0673,Customer_0673,Female,26,Hyderabad,Regular,2024-11-06
CUST0674,Customer_0674,Male,20,Bengaluru,Regular,2024-10-11
CUST0675,Customer_0675,Female,38,Mumbai,Regular,2025-10-21
CUST0676,Customer_0676,Other,43,Pune,Regular,2024-10-07
CUST0677,Customer_0677,Female,25,Ahmedabad,Regular,2024-06-12
CUST0678,Customer_0678,Female,19,Mumbai,Regular,2024-08-11
CUST0679,Customer_0679,Other,23,Ahmedabad,Premium,2024-05-25
CUST0680,Customer_0680,Male,45,Kolkata,Premium,2024-01-30
CUST0681,Customer_0681,Male,46,Ahmedabad,Regular,2024-02-14
CUST0682,Customer_0682,Female,43,Chennai,Regular,2025-04-15
CUST0683,Customer_0683,Female,42,Nagpur,Regular,2024-02-03
CUST0684,Customer_0684,Male,29,Bengaluru,Premium,2025-10-14
CUST0685,Customer_0685,Male,22,Kolhapur,Premium,2025-03-02
CUST0686,Customer_0686,Male,51,Hyderabad,New,2024-08-08
CUST0687,Customer_0687,Male,54,Chennai,Regular,2025-06-17
CUST0688,Customer_0688,Female,32,Ahmedabad,Regular,2025-11-22
CUST0689,Customer_0689,Male,53,Delhi,Regular,2025-01-01
CUST0690,Customer_0690,Female,32,Bengaluru,New,2025-07-03
CUST0691,Customer_0691,Female,60,Chennai,Premium,2025-08-04
CUST0692,Customer_0692,Female,40,Hyderabad,Regular,2024-04-25
CUST0693,Customer_0693,Male,23,Nagpur,Regular,2024-08-26
CUST0694,Customer_0694,Female,60,Bengaluru,Premium,2024-11-30
CUST0695,Customer_0695,Female,38,Hyderabad,Regular,2025-03-16
CUST0696,Customer_0696,Male,40,Kolkata,Regular,2024-05-27
CUST0697,Customer_0697,Female,60,Kolkata,Regular,2024-01-09
CUST0698,Customer_0698,Male,33,Hyderabad,New,2024-10-14
CUST0699,Customer_0699,Female,32,Chennai,Regular,2025-01-22
CUST0700,Customer_0700,Male,42,Bengaluru,New,2024-02-19
CUST0701,Customer_0701,Male,53,Chennai,Regular,2025-05-31
CUST0702,Customer_0702,Female,28,Pune,New,2025-09-29
CUST0703,Customer_0703,Female,32,Ahmedabad,New,2025-08-09
CUST0704,Customer_0704,Female,21,Pune,New,2025-11-07
CUST0705,Customer_0705,Female,38,Kolkata,New,2024-10-04
CUST0706,Customer_0706,Other,30,Nagpur,Regular,2024-10-26
CUST0707,Customer_0707,Female,39,Mumbai,Regular,2025-08-11
CUST0708,Customer_0708,Male,36,Ahmedabad,Regular,2025-10-10
CUST0709,Customer_0709,Female,51,Kolkata,New,2025-09-09
CUST0710,Customer_0710,Male,31,Chennai,New,2025-08-29
CUST0711,Customer_0711,Male,21,Chennai,New,2024-05-14
CUST0712,Customer_0712,Male,44,Chennai,New,2025-08-02
CUST0713,Customer_0713,Male,46,Nagpur,Premium,2024-05-26
CUST0714,Customer_0714,Female,45,Pune,New,2025-05-04
CUST0715,Customer_0715,Female,52,Mumbai,Regular,2025-04-22
CUST0716,Customer_0716,Male,25,Chennai,New,2024-06-07
CUST0717,Customer_0717,Male,33,Kolhapur,New,2025-01-18
CUST0718,Customer_0718,Other,59,Ahmedabad,Regular,2024-06-11
CUST0719,Customer_0719,Female,53,Bengaluru,Regular,2025-03-16
CUST0720,Customer_0720,Male,47,Kolhapur,New,2024-07-07
CUST0721,Customer_0721,Male,35,Mumbai,New,2025-02-18
CUST0722,Customer_0722,Female,19,Nagpur,Regular,2024-12-04
CUST0723,Customer_0723,Female,30,Mumbai,New,2025-08-29
CUST0724,Customer_0724,Male,21,Bengaluru,New,2024-06-29
CUST0725,Customer_0725,Male,43,Ahmedabad,Premium,2024-10-14
CUST0726,Customer_0726,Male,42,Bengaluru,Regular,2024-07-05
CUST0727,Customer_0727,Female,47,Hyderabad,Regular,2024-05-17
CUST0728,Customer_0728,Male,28,Ahmedabad,Regular,2024-05-09
CUST0729,Customer_0729,Female,24,Mumbai,Regular,2024-07-12
CUST0730,Customer_0730,Female,48,Chennai,Regular,2024-11-11
CUST0731,Customer_0731,Female,27,Mumbai,Regular,2024-05-23
CUST0732,Customer_0732,Male,56,Mumbai,Regular,2024-01-16
CUST0733,Customer_0733,Male,30,Ahmedabad,New,2024-10-28
CUST0734,Customer_0734,Male,48,Hyderabad,Regular,2025-02-26
CUST0735,Customer_0735,Female,24,Mumbai,Regular,2024-09-01
CUST0736,Customer_0736,Male,59,Kolhapur,Premium,2024-04-16
CUST0737,Customer_0737,Female,59,Kolkata,Regular,2024-03-28
CUST0738,Customer_0738,Male,53,Delhi,Regular,2024-05-08
CUST0739,Customer_0739,Female,37,Delhi,New,2024-12-06
CUST0740,Customer_0740,Female,21,Mumbai,Regular,2024-01-04
CUST0741,Customer_0741,Male,24,Kolhapur,New,2024-11-22
CUST0742,Customer_0742,Female,18,Chennai,Regular,2025-02-13
CUST0743,Customer_0743,Male,59,Nagpur,New,2024-11-01
CUST0744,Customer_0744,Male,30,Nagpur,Regular,2025-08-29
CUST0745,Customer_0745,Female,39,Ahmedabad,New,2025-12-21
CUST0746,Customer_0746,Male,38,Delhi,Regular,2024-08-12
CUST0747,Customer_0747,Female,39,Mumbai,Premium,2024-12-13
CUST0748,Customer_0748,Male,45,Nagpur,New,2024-11-16
CUST0749,Customer_0749,Male,26,Mumbai,Regular,2025-07-12
CUST0750,Customer_0750,Male,43,Ahmedabad,Regular,2024-06-29
CUST0751,Customer_0751,Female,26,Delhi,New,2025-09-09
CUST0752,Customer_0752,Male,32,Bengaluru,Regular,2025-12-11
CUST0753,Customer_0753,Male,27,Kolkata,New,2025-01-20
CUST0754,Customer_0754,Female,41,Kolkata,Regular,2025-09-09
CUST0755,Customer_0755,Female,59,Nagpur,Regular,2024-04-17
CUST0756,Customer_0756,Male,25,Kolkata,Regular,2025-06-14
CUST0757,Customer_0757,Male,41,Bengaluru,Regular,2025-02-13
CUST0758,Customer_0758,Male,33,Mumbai,New,2024-10-22
CUST0759,Customer_0759,Male,43,Ahmedabad,New,2024-06-19
CUST0760,Customer_0760,Male,44,Bengaluru,Regular,2024-11-26
CUST0761,Customer_0761,Female,54,Ahmedabad,Regular,2025-05-07
CUST0762,Customer_0762,Female,21,Ahmedabad,Regular,2024-07-13
CUST0763,Customer_0763,Female,41,Delhi,Regular,2024-01-12
CUST0764,Customer_0764,Male,36,Mumbai,Regular,2024-07-13
CUST0765,Customer_0765,Female,53,Kolhapur,Regular,2025-05-04
CUST0766,Customer_0766,Male,56,Kolkata,Regular,2024-06-30
CUST0767,Customer_0767,Male,27,Kolhapur,Regular,2025-10-17
CUST0768,Customer_0768,Male,42,Delhi,Regular,2024-11-11
CUST0769,Customer_0769,Female,35,Ahmedabad,New,2025-11-24
CUST0770,Customer_0770,Male,36,Nagpur,Premium,2024-01-30
CUST0771,Customer_0771,Female,53,Kolkata,Premium,2025-08-18
CUST0772,Customer_0772,Male,27,Kolkata,Regular,2025-11-08
CUST0773,Customer_0773,Female,50,Mumbai,New,2024-04-05
CUST0774,Customer_0774,Female,22,Hyderabad,Regular,2025-01-15
CUST0775,Customer_0775,Male,52,Pune,Regular,2025-03-19
CUST0776,Customer_0776,Female,51,Pune,Premium,2024-10-24
CUST0777,Customer_0777,Female,50,Pune,New,2024-12-26
CUST0778,Customer_0778,Male,38,Hyderabad,New,2025-01-08
CUST0779,Customer_0779,Male,34,Mumbai,Premium,2025-07-07
CUST0780,Customer_0780,Male,39,Hyderabad,Regular,2024-10-29
CUST0781,Customer_0781,Male,54,Pune,Regular,2025-02-24
CUST0782,Customer_0782,Male,32,Delhi,Premium,2024-09-02
CUST0783,Customer_0783,Female,52,Bengaluru,New,2025-12-20
CUST0784,Customer_0784,Female,45,Ahmedabad,Regular,2024-08-24
CUST0785,Customer_0785,Female,24,Hyderabad,New,2025-06-17
CUST0786,Customer_0786,Male,49,Mumbai,Regular,2024-07-03
CUST0787,Customer_0787,Male,28,Mumbai,Regular,2025-04-12
CUST0788,Customer_0788,Female,27,Kolhapur,Regular,2024-12-28
CUST0789,Customer_0789,Male,26,Bengaluru,Premium,2024-10-09
CUST0790,Customer_0790,Male,31,Nagpur,Regular,2025-07-06
CUST0791,Customer_0791,Female,30,Kolkata,Regular,2024-12-01
CUST0792,Customer_0792,Male,42,Pune,New,2024-06-10
CUST0793,Customer_0793,Male,19,Nagpur,Regular,2024-06-08
CUST0794,Customer_0794,Male,52,Kolhapur,Regular,2025-04-18
CUST0795,Customer_0795,Female,24,Pune,New,2025-08-23
CUST0796,Customer_0796,Male,38,Bengaluru,Regular,2024-11-17
CUST0797,Customer_0797,Male,35,Kolhapur,Regular,2024-01-12
CUST0798,Customer_0798,Male,20,Pune,Regular,2025-02-27
CUST0799,Customer_0799,Male,59,Bengaluru,Regular,2024-03-13
CUST0800,Customer_0800,Male,56,Chennai,Regular,2025-08-10
CUST0801,Customer_0801,Male,58,Nagpur,New,2024-07-19
CUST0802,Customer_0802,Female,28,Nagpur,New,2025-06-05
CUST0803,Customer_0803,Male,56,Kolkata,Regular,2025-05-19
CUST0804,Customer_0804,Male,41,Bengaluru,Regular,2025-11-18
CUST0805,Customer_0805,Female,36,Hyderabad,New,2024-02-08
CUST0806,Customer_0806,Male,21,Chennai,Regular,2024-02-29
CUST0807,Customer_0807,Male,43,Delhi,Regular,2025-07-31
CUST0808,Customer_0808,Male,55,Pune,Regular,2024-11-16
CUST0809,Customer_0809,Female,59,Chennai,New,2025-03-10
CUST0810,Customer_0810,Female,49,Bengaluru,Regular,2025-09-27
CUST0811,Customer_0811,Other,56,Ahmedabad,Regular,2025-11-06
CUST0812,Customer_0812,Male,53,Pune,Regular,2025-02-11
CUST0813,Customer_0813,Female,57,Mumbai,Regular,2025-01-20
CUST0814,Customer_0814,Male,54,Nagpur,Regular,2025-11-01
CUST0815,Customer_0815,Male,50,Bengaluru,Regular,2025-07-22
CUST0816,Customer_0816,Male,53,Mumbai,New,2024-03-18
CUST0817,Customer_0817,Male,20,Kolkata,Regular,2024-07-12
CUST0818,Customer_0818,Female,26,Kolhapur,Regular,2024-10-11
CUST0819,Customer_0819,Female,25,Delhi,Regular,2025-06-10
CUST0820,Customer_0820,Female,50,Delhi,New,2025-06-07
CUST0821,Customer_0821,Male,23,Mumbai,New,2025-09-04
CUST0822,Customer_0822,Female,58,Nagpur,Premium,2024-06-04
CUST0823,Customer_0823,Female,56,Kolkata,Regular,2024-12-05
CUST0824,Customer_0824,Female,21,Ahmedabad,Premium,2024-05-04
CUST0825,Customer_0825,Male,30,Nagpur,Regular,2024-10-06
CUST0826,Customer_0826,Male,19,Chennai,Regular,2025-09-13
CUST0827,Customer_0827,Female,22,Delhi,Regular,2025-10-19
CUST0828,Customer_0828,Female,44,Chennai,Premium,2025-12-28
CUST0829,Customer_0829,Male,49,Pune,Regular,2025-11-04
CUST0830,Customer_0830,Female,38,Hyderabad,Regular,2024-05-07
CUST0831,Customer_0831,Female,25,Bengaluru,New,2024-11-09
CUST0832,Customer_0832,Female,55,Kolkata,Regular,2024-11-27
CUST0833,Customer_0833,Female,25,Nagpur,Regular,2024-05-29
CUST0834,Customer_0834,Female,20,Delhi,New,2025-03-29
CUST0835,Customer_0835,Male,20,Chennai,New,2024-02-05
CUST0836,Customer_0836,Female,39,Kolhapur,Regular,2025-11-15
CUST0837,Customer_0837,Male,23,Pune,New,2025-02-23
CUST0838,Customer_0838,Female,19,Bengaluru,New,2024-01-22
CUST0839,Customer_0839,Male,40,Bengaluru,Regular,2024-07-24
CUST0840,Customer_0840,Male,19,Nagpur,Premium,2025-09-30
CUST0841,Customer_0841,Female,55,Kolkata,Regular,2024-12-21
CUST0842,Customer_0842,Male,34,Ahmedabad,New,2025-03-15
CUST0843,Customer_0843,Female,52,Kolhapur,New,2025-12-29
CUST0844,Customer_0844,Other,51,Nagpur,Regular,2024-04-05
CUST0845,Customer_0845,Female,40,Chennai,Regular,2024-06-12
CUST0846,Customer_0846,Female,47,Hyderabad,Regular,2024-05-27
CUST0847,Customer_0847,Female,25,Mumbai,Regular,2025-06-13
CUST0848,Customer_0848,Other,39,Ahmedabad,Regular,2024-10-20
CUST0849,Customer_0849,Male,53,Kolkata,New,2024-07-13
CUST0850,Customer_0850,Male,22,Pune,Regular,2025-10-24
CUST0851,Customer_0851,Female,30,Ahmedabad,New,2025-04-24
CUST0852,Customer_0852,Male,46,Delhi,Premium,2024-05-02
CUST0853,Customer_0853,Female,48,Kolkata,Regular,2025-02-03
CUST0854,Customer_0854,Male,33,Hyderabad,Regular,2025-11-29
CUST0855,Customer_0855,Female,59,Delhi,New,2025-03-27
CUST0856,Customer_0856,Female,47,Ahmedabad,New,2025-10-22
CUST0857,Customer_0857,Female,33,Mumbai,Regular,2024-04-13
CUST0858,Customer_0858,Male,29,Mumbai,New,2025-04-06
CUST0859,Customer_0859,Male,34,Hyderabad,Regular,2025-12-18
CUST0860,Customer_0860,Female,33,Bengaluru,New,2025-12-10
CUST0861,Customer_0861,Male,29,Kolhapur,Regular,2025-01-30
CUST0862,Customer_0862,Female,25,Pune,Regular,2024-12-02
CUST0863,Customer_0863,Male,37,Bengaluru,Regular,2025-08-21
CUST0864,Customer_0864,Female,20,Mumbai,Regular,2024-05-21
CUST0865,Customer_0865,Female,33,Mumbai,New,2024-11-12
CUST0866,Customer_0866,Male,47,Chennai,New,2025-12-11
CUST0867,Customer_0867,Female,40,Delhi,Regular,2025-07-11
CUST0868,Customer_0868,Female,45,Ahmedabad,Regular,2025-06-10
CUST0869,Customer_0869,Male,57,Pune,Regular,2025-07-09
CUST0870,Customer_0870,Male,22,Hyderabad,New,2025-02-04
CUST0871,Customer_0871,Female,37,Ahmedabad,New,2025-11-11
CUST0872,Customer_0872,Female,57,Chennai,New,2024-11-05
CUST0873,Customer_0873,Male,18,Mumbai,Premium,2025-05-09
CUST0874,Customer_0874,Female,47,Hyderabad,New,2025-07-09
CUST0875,Customer_0875,Female,38,Mumbai,Regular,2025-09-01
CUST0876,Customer_0876,Female,37,Pune,New,2024-04-18
CUST0877,Customer_0877,Male,23,Delhi,Regular,2025-01-06
CUST0878,Customer_0878,Male,39,Ahmedabad,Regular,2025-09-07
CUST0879,Customer_0879,Female,35,Ahmedabad,Premium,2024-07-24
CUST0880,Customer_0880,Female,25,Bengaluru,Premium,2024-02-12
CUST0881,Customer_0881,Female,56,Hyderabad,Regular,2024-09-01
CUST0882,Customer_0882,Male,49,Kolhapur,Premium,2024-10-13
CUST0883,Customer_0883,Female,50,Chennai,Premium,2024-12-20
CUST0884,Customer_0884,Female,33,Kolhapur,Regular,2025-04-20
CUST0885,Customer_0885,Male,29,Bengaluru,Regular,2024-03-23
CUST0886,Customer_0886,Female,55,Pune,New,2024-04-19
CUST0887,Customer_0887,Male,51,Chennai,Regular,2024-07-08
CUST0888,Customer_0888,Female,31,Delhi,New,2024-09-07
CUST0889,Customer_0889,Female,53,Kolhapur,New,2025-12-24
CUST0890,Customer_0890,Female,50,Delhi,Premium,2024-10-17
CUST0891,Customer_0891,Male,40,Kolhapur,Regular,2025-10-06
CUST0892,Customer_0892,Male,19,Delhi,Regular,2024-07-19
CUST0893,Customer_0893,Male,58,Kolhapur,Regular,2024-11-21
CUST0894,Customer_0894,Female,38,Delhi,Premium,2025-05-25
CUST0895,Customer_0895,Male,19,Bengaluru,Premium,2025-02-12
CUST0896,Customer_0896,Female,44,Kolkata,New,2025-08-29
CUST0897,Customer_0897,Female,26,Chennai,New,2025-05-22
CUST0898,Customer_0898,Male,18,Hyderabad,Regular,2025-08-23
CUST0899,Customer_0899,Female,28,Pune,New,2024-03-12
CUST0900,Customer_0900,Female,20,Nagpur,New,2024-09-03
CUST0901,Customer_0901,Female,40,Mumbai,Regular,2025-10-02
CUST0902,Customer_0902,Female,43,Hyderabad,Regular,2025-12-24
CUST0903,Customer_0903,Female,21,Mumbai,Regular,2025-08-30
CUST0904,Customer_0904,Male,35,Chennai,Regular,2025-08-09
CUST0905,Customer_0905,Female,23,Hyderabad,Regular,2025-07-19
CUST0906,Customer_0906,Male,52,Delhi,New,2024-12-09
CUST0907,Customer_0907,Male,39,Delhi,New,2024-02-23
CUST0908,Customer_0908,Female,60,Nagpur,Regular,2025-12-30
CUST0909,Customer_0909,Female,32,Mumbai,Regular,2025-06-11
CUST0910,Customer_0910,Female,39,Pune,Regular,2025-09-02
CUST0911,Customer_0911,Male,54,Chennai,New,2025-06-15
CUST0912,Customer_0912,Female,59,Delhi,Regular,2025-07-11
CUST0913,Customer_0913,Male,29,Kolkata,Regular,2024-07-11
CUST0914,Customer_0914,Female,59,Bengaluru,Regular,2024-02-27
CUST0915,Customer_0915,Male,55,Bengaluru,Regular,2025-03-12
CUST0916,Customer_0916,Female,35,Kolhapur,Premium,2024-04-20
CUST0917,Customer_0917,Female,52,Pune,Regular,2024-05-08
CUST0918,Customer_0918,Male,47,Bengaluru,Regular,2025-12-06
CUST0919,Customer_0919,Male,41,Kolhapur,Premium,2024-11-21
CUST0920,Customer_0920,Female,59,Mumbai,Regular,2024-01-08
CUST0921,Customer_0921,Male,47,Delhi,Regular,2024-01-29
CUST0922,Customer_0922,Male,31,Delhi,Regular,2024-04-21
CUST0923,Customer_0923,Male,23,Kolkata,Regular,2025-11-03
CUST0924,Customer_0924,Male,20,Hyderabad,New,2024-05-10
CUST0925,Customer_0925,Female,33,Bengaluru,Regular,2024-07-06
CUST0926,Customer_0926,Female,24,Mumbai,Premium,2025-11-05
CUST0927,Customer_0927,Female,31,Ahmedabad,Premium,2025-12-09
CUST0928,Customer_0928,Male,26,Bengaluru,Regular,2025-04-19
CUST0929,Customer_0929,Male,32,Pune,Regular,2024-12-29
CUST0930,Customer_0930,Female,38,Hyderabad,New,2024-07-22
CUST0931,Customer_0931,Female,52,Bengaluru,Premium,2024-07-30
CUST0932,Customer_0932,Male,19,Mumbai,Premium,2025-09-12
CUST0933,Customer_0933,Other,44,Bengaluru,Regular,2024-10-02
CUST0934,Customer_0934,Male,19,Pune,Regular,2024-03-13
CUST0935,Customer_0935,Female,52,Ahmedabad,Regular,2025-11-09
CUST0936,Customer_0936,Female,35,Chennai,Regular,2024-08-30
CUST0937,Customer_0937,Female,31,Nagpur,New,2024-04-11
CUST0938,Customer_0938,Male,37,Ahmedabad,Regular,2025-11-15
CUST0939,Customer_0939,Female,35,Kolhapur,Regular,2024-06-19
CUST0940,Customer_0940,Male,27,Bengaluru,Regular,2025-10-14
CUST0941,Customer_0941,Female,42,Delhi,Regular,2024-07-06
CUST0942,Customer_0942,Male,19,Kolkata,Premium,2025-03-16
CUST0943,Customer_0943,Male,42,Delhi,New,2024-03-26
CUST0944,Customer_0944,Male,50,Ahmedabad,Regular,2025-04-20
CUST0945,Customer_0945,Female,53,Delhi,Regular,2024-02-21
CUST0946,Customer_0946,Female,48,Mumbai,Regular,2024-04-20
CUST0947,Customer_0947,Female,31,Delhi,Regular,2024-02-12
CUST0948,Customer_0948,Male,18,Hyderabad,New,2024-07-29
CUST0949,Customer_0949,Male,33,Chennai,New,2024-07-18
CUST0950,Customer_0950,Male,20,Bengaluru,Regular,2025-09-18
CUST0951,Customer_0951,Male,52,Delhi,Regular,2024-01-26
CUST0952,Customer_0952,Male,58,Pune,New,2024-10-25
CUST0953,Customer_0953,Female,23,Chennai,Regular,2024-03-17
CUST0954,Customer_0954,Male,42,Chennai,Regular,2024-05-16
CUST0955,Customer_0955,Female,30,Delhi,Regular,2024-01-20
CUST0956,Customer_0956,Female,51,Chennai,Regular,2025-03-15
CUST0957,Customer_0957,Male,25,Kolkata,New,2024-07-29
CUST0958,Customer_0958,Female,38,Delhi,New,2025-07-04
CUST0959,Customer_0959,Female,51,Mumbai,Regular,2025-03-10
CUST0960,Customer_0960,Male,21,Ahmedabad,Regular,2024-07-25
CUST0961,Customer_0961,Female,42,Hyderabad,Regular,2025-03-14
CUST0962,Customer_0962,Male,32,Nagpur,Regular,2025-10-27
CUST0963,Customer_0963,Female,21,Kolhapur,Regular,2024-02-11
CUST0964,Customer_0964,Female,29,Chennai,Premium,2025-02-14
CUST0965,Customer_0965,Female,49,Mumbai,Regular,2025-06-06
CUST0966,Customer_0966,Female,49,Bengaluru,Regular,2025-09-01
CUST0967,Customer_0967,Male,45,Bengaluru,Regular,2025-03-02
CUST0968,Customer_0968,Female,30,Kolhapur,New,2024-10-01
CUST0969,Customer_0969,Male,48,Hyderabad,Regular,2025-03-23
CUST0970,Customer_0970,Male,31,Chennai,New,2025-01-03
CUST0971,Customer_0971,Male,37,Kolkata,Premium,2024-08-07
CUST0972,Customer_0972,Male,35,Kolhapur,Regular,2025-07-30
CUST0973,Customer_0973,Male,46,Hyderabad,Regular,2024-08-19
CUST0974,Customer_0974,Female,23,Chennai,Regular,2024-11-23
CUST0975,Customer_0975,Female,49,Mumbai,New,2025-03-18
CUST0976,Customer_0976,Female,46,Ahmedabad,New,2024-02-21
CUST0977,Customer_0977,Male,60,Kolkata,Regular,2025-01-10
CUST0978,Customer_0978,Female,19,Nagpur,New,2024-09-19
CUST0979,Customer_0979,Male,40,Bengaluru,Regular,2024-09-23
CUST0980,Customer_0980,Male,36,Pune,Premium,2024-12-24
CUST0981,Customer_0981,Female,48,Mumbai,Premium,2024-11-12
CUST0982,Customer_0982,Male,22,Bengaluru,Regular,2024-11-19
CUST0983,Customer_0983,Female,36,Delhi,New,2025-10-27
CUST0984,Customer_0984,Female,51,Pune,Premium,2025-10-13
CUST0985,Customer_0985,Male,27,Bengaluru,Premium,2025-07-16
CUST0986,Customer_0986,Male,42,Hyderabad,New,2025-09-20
CUST0987,Customer_0987,Male,19,Kolkata,Regular,2025-02-24
CUST0988,Customer_0988,Female,28,Bengaluru,New,2024-02-15
CUST0989,Customer_0989,Female,48,Nagpur,Regular,2025-08-22
CUST0990,Customer_0990,Male,32,Ahmedabad,Premium,2025-12-20
CUST0991,Customer_0991,Male,26,Hyderabad,New,2024-09-25
CUST0992,Customer_0992,Male,40,Mumbai,Premium,2025-08-23
CUST0993,Customer_0993,Female,36,Mumbai,Regular,2025-01-15
CUST0994,Customer_0994,Male,26,Mumbai,Premium,2024-04-27
CUST0995,Customer_0995,Female,52,Mumbai,Regular,2025-07-19
CUST0996,Customer_0996,Female,38,Ahmedabad,Regular,2024-04-25
CUST0997,Customer_0997,Male,26,Bengaluru,New,2025-09-21
CUST0998,Customer_0998,Female,45,Chennai,Regular,2024-09-16
CUST0999,Customer_0999,Male,24,Bengaluru,New,2024-03-15
CUST1000,Customer_1000,Female,33,Delhi,Premium,2025-04-24
